Username,Profile,date,uptime,datetime
tawMoc,BULANAN,2024-06-14,11:28:31,2024-06-14 02:00:00
talPu2,HARIAN,2024-06-13,8:19:24,2024-06-13 02:00:00
taauF1,HARIAN,2024-06-13,16:37:56,2024-06-13 17:00:00
tahcoZ,MINGGUAN,2024-06-13,23:34:23,2024-06-13 04:00:00
taAAlP,HARIAN,2024-06-14,8:52:16,2024-06-14 20:00:00
tap0HH,KERJA,2024-06-13,6:18:20,2024-06-13 12:00:00
taXGvm,HARIAN,2024-06-14,15:26:29,2024-06-14 21:00:00
tagLvl,BULANAN,2024-06-13,8:46:08,2024-06-13 09:00:00
tagt3f,HARIAN,2024-06-13,20:51:21,2024-06-13 15:00:00
taVhJd,KERJA,2024-06-13,17:07:58,2024-06-13 14:00:00
tahEGD,MINGGUAN,2024-06-13,5:32:47,2024-06-13 07:00:00
taRKpK,HARIAN,2024-06-13,14:41:40,2024-06-13 10:00:00
taMcGw,BULANAN,2024-06-14,1:15:21,2024-06-14 16:00:00
taviKl,BULANAN,2024-06-13,19:19:59,2024-06-13 09:00:00
taYFmx,MINGGUAN,2024-06-13,17:52:49,2024-06-13 06:00:00
tagqnS,BULANAN,2024-06-14,23:10:09,2024-06-14 00:00:00
tatHNz,BULANAN,2024-06-13,13:43:26,2024-06-13 15:00:00
taEUZB,BULANAN,2024-06-13,12:25:14,2024-06-13 04:00:00
taMwH2,MINGGUAN,2024-06-13,4:14:20,2024-06-13 18:00:00
tas4Yp,BULANAN,2024-06-13,3:18:10,2024-06-13 00:00:00
taklen,BULANAN,2024-06-13,2:14:54,2024-06-13 04:00:00
tauJ2w,MINGGUAN,2024-06-13,7:39:38,2024-06-13 06:00:00
taF8nQ,HARIAN,2024-06-13,5:10:11,2024-06-13 05:00:00
taY9Ry,MINGGUAN,2024-06-14,6:56:13,2024-06-14 21:00:00
tajATX,HARIAN,2024-06-14,8:08:36,2024-06-14 14:00:00
taeu7J,HARIAN,2024-06-14,8:05:09,2024-06-14 18:00:00
taH0sn,HARIAN,2024-06-13,0:48:31,2024-06-13 09:00:00
tagOMC,MINGGUAN,2024-06-14,1:03:27,2024-06-14 08:00:00
taauVb,BULANAN,2024-06-13,14:33:38,2024-06-13 16:00:00
tagGDq,MINGGUAN,2024-06-13,7:08:07,2024-06-13 08:00:00
taVH0V,MINGGUAN,2024-06-13,19:03:17,2024-06-13 21:00:00
tarNiF,HARIAN,2024-06-13,21:52:17,2024-06-13 01:00:00
tadl1y,MINGGUAN,2024-06-14,1:59:04,2024-06-14 04:00:00
tawNbS,HARIAN,2024-06-13,11:11:31,2024-06-13 11:00:00
taiEvZ,BULANAN,2024-06-13,13:27:30,2024-06-13 14:00:00
tajb2r,BULANAN,2024-06-13,12:23:19,2024-06-13 23:00:00
tadc4y,BULANAN,2024-06-13,14:19:07,2024-06-13 02:00:00
ta3jhH,MINGGUAN,2024-06-14,12:33:25,2024-06-14 13:00:00
taISLY,KERJA,2024-06-14,22:56:08,2024-06-14 23:00:00
tan2qz,KERJA,2024-06-14,22:37:05,2024-06-14 10:00:00
taKWA7,KERJA,2024-06-14,9:04:01,2024-06-14 08:00:00
tauDq3,BULANAN,2024-06-13,22:07:14,2024-06-13 08:00:00
tai6ik,HARIAN,2024-06-13,22:37:46,2024-06-13 23:00:00
taQX3g,BULANAN,2024-06-15,21:21:54,2024-06-15 00:00:00
taXluz,HARIAN,2024-06-14,10:28:35,2024-06-14 06:00:00
tayBpj,BULANAN,2024-06-14,9:58:16,2024-06-14 21:00:00
taC108,BULANAN,2024-06-14,11:35:56,2024-06-14 11:00:00
ta3f4b,KERJA,2024-06-13,21:31:49,2024-06-13 13:00:00
taPY9n,BULANAN,2024-06-14,0:15:48,2024-06-14 04:00:00
taPpCf,MINGGUAN,2024-06-14,18:46:47,2024-06-14 02:00:00
tagvsd,HARIAN,2024-06-14,23:52:05,2024-06-14 11:00:00
taKoO0,BULANAN,2024-06-15,22:08:04,2024-06-15 00:00:00
taBH7p,MINGGUAN,2024-06-14,23:19:28,2024-06-14 20:00:00
taLaN9,HARIAN,2024-06-14,5:15:54,2024-06-14 02:00:00
taa7b7,BULANAN,2024-06-13,3:51:43,2024-06-13 21:00:00
taME4R,HARIAN,2024-06-13,6:02:33,2024-06-13 16:00:00
ta727s,HARIAN,2024-06-14,1:15:20,2024-06-14 20:00:00
tacGW3,HARIAN,2024-06-14,20:26:06,2024-06-14 13:00:00
taIVTU,HARIAN,2024-06-14,21:19:51,2024-06-14 09:00:00
ta6mQf,KERJA,2024-06-13,7:38:19,2024-06-13 14:00:00
taVXkt,BULANAN,2024-06-14,13:44:33,2024-06-14 22:00:00
tan4Lo,MINGGUAN,2024-06-13,12:16:44,2024-06-13 11:00:00
taMUCx,MINGGUAN,2024-06-13,15:07:51,2024-06-13 22:00:00
tac2ud,BULANAN,2024-06-13,14:46:29,2024-06-13 05:00:00
taCtQw,KERJA,2024-06-13,20:11:14,2024-06-13 21:00:00
ta7ts1,HARIAN,2024-06-14,3:31:54,2024-06-14 15:00:00
taLO8R,HARIAN,2024-06-13,16:30:22,2024-06-13 04:00:00
taEonb,HARIAN,2024-06-13,6:27:11,2024-06-13 08:00:00
taO5RC,HARIAN,2024-06-13,3:37:45,2024-06-13 06:00:00
ta33mS,KERJA,2024-06-14,8:30:28,2024-06-14 01:00:00
tawAth,MINGGUAN,2024-06-14,20:08:37,2024-06-14 01:00:00
taIoRu,MINGGUAN,2024-06-14,16:17:38,2024-06-14 20:00:00
